EmpFirstName,EmpLastName,BirthDate,EmpID,ServiceStartDate
Zoe,Abbott,4/10/1969,E55049,6/25/2020
Amaya,Adams,12/30/1968,E55042,5/29/2020
Keely,Ashley,11/12/1977,E55086,6/26/2021
Laurel,Avery,10/16/1980,E55033,3/8/2020
Orson,Avery,5/10/1967,E55059,9/25/2020
Tate,Avery,10/7/1978,E55057,9/17/2020
Shafira,Barnes,4/30/1983,E55055,9/5/2020
Dolan,Bauer,6/26/1960,E55001,1/5/2018
Colette,Bird,10/22/1984,E55088,8/23/2021
Alexander,Bishop,2/3/1980,E55004,2/24/2018
Dana,Blackburn,12/30/1964,E55073,1/23/2021
Raymond,Blair,5/16/1963,E55040,5/20/2020
Jamal,Blankenship,11/23/1968,E55075,2/21/2021
Patience,Brooks,10/23/1980,E55037,4/20/2020
Malik,Burke,2/15/1983,E55034,3/17/2020
Shaine,Burks,4/29/1961,E55029,1/25/2020
Matthew,Carpenter,8/26/1983,E55056,9/6/2020
Clinton,Carrillo,6/26/1968,E55069,1/15/2021
Justina,Chandler,1/21/1970,E55030,2/21/2020
Ulla,Christian,10/16/1987,E55032,3/4/2020
Jamal,Church,9/11/1992,E55038,4/21/2020
Halla,Clark,11/13/1973,E55079,3/22/2021
Ella,Clay,7/8/1971,E55028,12/16/2019
Callum,Cline,11/6/1983,E55090,9/13/2021
Karyn,Conner,3/1/1975,E55013,5/12/2018
Matthew,Conner,6/2/1992,E55005,2/25/2018
Halla,Copeland,1/28/1971,E55021,8/9/2019
Zelenia,Cortez,10/5/1969,E55100,12/30/2021
Cole,Crosby,6/9/1989,E55008,4/3/2018
Martena,Decker,11/20/1966,E55085,6/21/2021
Gretchen,Duke,4/27/1964,E55043,5/30/2020
Aurora,Figueroa,4/15/1992,E55017,7/13/2019
Channing,Finley,2/9/1981,E55072,1/21/2021
Bernard,Fisher,12/8/1967,E55022,9/3/2019
Jin,Fisher,2/17/1999,E55068,1/13/2021
Marshall,Garza,8/6/1966,E55036,4/16/2020
Scarlet,Glenn,11/27/1968,E55025,10/3/2019
Nomlanga,Good,8/25/1994,E55077,3/13/2021
Haviva,Graves,11/11/1998,E55045,6/9/2020
Kennan,Gross,6/6/1982,E55007,3/23/2018
Sheila,Hamilton,10/29/1984,E55081,4/24/2021
Ryder,Hardy,10/23/1990,E55002,1/10/2018
Odysseus,Harrington,4/30/1971,E55093,10/23/2021
Buffy,Heath,5/18/1973,E55018,7/18/2019
Shannon,Henderson,11/27/1969,E55092,10/3/2021
Isaac,Hester,5/2/1964,E55065,1/5/2021
Reed,Hodge,12/29/1986,E55091,9/30/2021
Mufutau,Holmes,4/26/1994,E55082,4/26/2021
Anika,Hooper,12/11/1977,E55016,7/7/2019
Herrod,House,9/23/1970,E55062,11/26/2020
Sonya,Howard,8/14/1987,E55011,4/12/2018
Malik,Hurley,8/28/1965,E55009,4/9/2018
Aphrodite,Knapp,3/9/1996,E55026,11/21/2019
Nicholas,Knowles,12/26/1974,E55052,8/15/2020
Shaine,Lambert,2/28/1998,E55050,7/26/2020
Yoshio,Larsen,3/5/1985,E55053,8/23/2020
Nicholas,Leonard,10/3/1994,E55076,3/2/2021
Helen,Levy,10/7/1966,E55044,6/4/2020
Addison,Lopez,8/26/1963,E55058,9/23/2020
Mary,Lowe,12/22/1960,E55010,4/10/2018
Jessamine,Mathis,1/26/1998,E55024,9/28/2019
Brenden,May,7/30/1985,E55039,4/26/2020
Charissa,Mayo,4/16/1996,E55006,2/26/2018
Anjolie,Mcbride,1/29/2000,E55095,11/24/2021
Damian,Mccall,1/6/1983,E55099,12/28/2021
Tarik,Mcfarland,1/3/1984,E55012,5/6/2018
Kaden,Mckenzie,6/21/1995,E55064,1/1/2021
Raymond,Meadows,8/4/1995,E55031,2/25/2020
Fleur,Mendez,1/5/1983,E55015,12/1/2018
Noelle,Mills,9/30/1990,E55051,8/4/2020
Hadley,Moss,1/6/1991,E55098,12/21/2021
Melinda,Murray,11/28/1963,E55070,1/15/2021
Wyoming,Nguyen,10/31/1963,E55097,11/30/2021
Kevyn,Nieves,2/17/1980,E55020,7/23/2019
Hannah,Peck,12/7/1987,E55067,1/12/2021
Joshua,Poole,5/6/1985,E55084,6/1/2021
Hyatt,Pratt,10/10/1968,E55047,6/20/2020
Zahir,Prince,3/19/1988,E55041,5/22/2020
Holmes,Ramos,4/24/1960,E55074,2/7/2021
Gil,Ray,9/19/1969,E55003,2/12/2018
Macey,Reyes,5/31/1990,E55080,4/15/2021
Darrel,Robbins,7/21/1991,E55063,12/17/2020
Bianca,Rodriquez,5/31/1966,E55023,9/20/2019
Sonya,Ross,10/2/1986,E55087,7/2/2021
Eric,Rowe,1/23/1976,E55066,1/7/2021
Byron,Rowland,8/6/1971,E55014,5/13/2018
Xerxes,Roy,1/23/1966,E55094,11/8/2021
Jelani,Ryan,12/11/1963,E55054,8/25/2020
Azalia,Salas,2/11/1967,E55046,6/16/2020
Lucian,Skinner,1/22/1984,E55083,5/3/2021
Quyn,Stafford,9/23/1990,E55096,11/29/2021
Xander,Sullivan,5/14/1986,E55071,1/16/2021
Jocelyn,Sutton,10/2/1988,E55048,6/24/2020
Britanni,Valdez,8/10/1996,E55019,7/18/2019
Devin,Valentine,9/11/1964,E55027,12/7/2019
Trevor,Vega,1/11/1991,E55061,10/6/2020
Fredericka,Weiss,6/30/1960,E55089,9/5/2021
August,Welch,8/11/1988,E55060,9/29/2020
Zorita,Witt,9/7/1985,E55078,3/22/2021
Kay,Woodward,7/15/1992,E55035,3/25/2020
